Workbook

Sheet 1 Templates
A1: Six-node network (Section 7.1): templates
A2: One OD pair 1→4 with demand q = 6, five paths P1-P5, nine links: l1: 1→3, l2: 1→2, l3: 1→5, l4: 5→6, l5: 5→2, l6: 6→3, l7: 6→4, l8: 3→4, l9: 2→4.
A3: Yellow cells are inputs; green cells are Excel formulas. Path flows of the templates are set by hand.
A5: Path-link incidence matrix δ (input): δ(p, l) = 1 if path p uses link l
A6: Path | B6: l1 | C6: l2 | D6: l3 | E6: l4 | F6: l5 | G6: l6 | H6: l7 | I6: l8 | J6: l9
A7: P1 | B7: 1 | C7: 0 | D7: 0 | E7: 0 | F7: 0 | G7: 0 | H7: 0 | I7: 1 | J7: 0
A8: P2 | B8: 0 | C8: 1 | D8: 0 | E8: 0 | F8: 0 | G8: 0 | H8: 0 | I8: 0 | J8: 1
A9: P3 | B9: 0 | C9: 0 | D9: 1 | E9: 1 | F9: 0 | G9: 0 | H9: 1 | I9: 0 | J9: 0
A10: P4 | B10: 0 | C10: 0 | D10: 1 | E10: 0 | F10: 1 | G10: 0 | H10: 0 | I10: 0 | J10: 1
A11: P5 | B11: 0 | C11: 0 | D11: 1 | E11: 1 | F11: 0 | G11: 1 | H11: 0 | I11: 1 | J11: 0
A13: Path flows f_s of each template (input)
A14: Template | B14: P1 | C14: P2 | D14: P3 | E14: P4 | F14: P5
A15: Template 1 | B15: 3 | C15: 3 | D15: 0 | E15: 0 | F15: 0
A16: Template 2 | B16: 1 | C16: 1 | D16: 2 | E16: 2 | F16: 0
A17: Template 3 | B17: 4 | C17: 0 | D17: 0 | E17: 0 | F17: 2
A18: Template 4 | B18: 2 | C18: 0 | D18: 3 | E18: 0 | F18: 1
A20: Link flows v_s of each template
A21: Formula: v_s = f_s δ
A22: Template | B22: l1 | C22: l2 | D22: l3 | E22: l4 | F22: l5 | G22: l6 | H22: l7 | I22: l8 | J22: l9
A23: Template 1 | B23: {=MMULT($B$15:$F$18,$B$7:$J$11)} -> 3 | C23: 3 | D23: 0 | E23: 0 | F23: 0 | G23: 0 | H23: 0 | I23: 3 | J23: 3
A24: Template 2 | B24: 1 | C24: 1 | D24: 4 | E24: 2 | F24: 2 | G24: 0 | H24: 2 | I24: 1 | J24: 3
A25: Template 3 | B25: 4 | C25: 0 | D25: 2 | E25: 2 | F25: 0 | G25: 2 | H25: 0 | I25: 6 | J25: 0
A26: Template 4 | B26: 2 | C26: 0 | D26: 4 | E26: 4 | F26: 0 | G26: 1 | H26: 3 | I26: 3 | J26: 0
A28: The four templates are linearly independent (this matrix has rank 4).

Sheet 2 Observations
A1: Six-node network (Section 7.1): observations
A2: The weights λ^m are assumed. They are used only to generate the observations; the model does not see them.
A3: Each observation is a convex combination of the templates: λ_s^m ≥ 0 and Σ_s λ_s^m = 1.
A5: Assumed weights λ^m (input)
A6: Observation | B6: Template 1 | C6: Template 2 | D6: Template 3 | E6: Template 4 | F6: Sum | G6: Description
A7: Observation 1 | B7: 0.7 | C7: 0.3 | D7: 0 | E7: 0 | F7: =SUM(B7:E7) -> 1 | G7: Mild congestion onset
A8: Observation 2 | B8: 0.2 | C8: 0.8 | D8: 0 | E8: 0 | F8: =SUM(B8:E8) -> 1 | G8: Full peak congestion
A9: Observation 3 | B9: 0.3 | C9: 0 | D9: 0.7 | E9: 0 | F9: =SUM(B9:E9) -> 1 | G9: Event at node 3
A10: Observation 4 | B10: 0 | C10: 0.4 | D10: 0 | E10: 0.6 | F10: =SUM(B10:E10) -> 1 | G10: Lower corridor incident
A11: Observation 5 | B11: 0.1 | C11: 0.3 | D11: 0.3 | E11: 0.3 | F11: =SUM(B11:E11) -> 1 | G11: Mixed event and incident
A13: Observed link flows v̄^m
A14: Formula: v̄^m = Σ_s λ_s^m v_s
A15: Observation | B15: l1 | C15: l2 | D15: l3 | E15: l4 | F15: l5 | G15: l6 | H15: l7 | I15: l8 | J15: l9
A16: Observation 1 | B16: {=MMULT($B$7:$E$11,'1 Templates'!$B$23:$J$26)} -> 2.4 | C16: 2.4 | D16: 1.2 | E16: 0.6 | F16: 0.6 | G16: 0 | H16: 0.6 | I16: 2.4 | J16: 3
A17: Observation 2 | B17: 1.4 | C17: 1.4 | D17: 3.2 | E17: 1.6 | F17: 1.6 | G17: 0 | H17: 1.6 | I17: 1.4 | J17: 3
A18: Observation 3 | B18: 3.7 | C18: 0.9 | D18: 1.4 | E18: 1.4 | F18: 0 | G18: 1.4 | H18: 0 | I18: 5.1 | J18: 0.9
A19: Observation 4 | B19: 1.6 | C19: 0.4 | D19: 4 | E19: 3.2 | F19: 0.8 | G19: 0.6 | H19: 2.6 | I19: 2.2 | J19: 1.2
A20: Observation 5 | B20: 2.4 | C20: 0.6 | D20: 3 | E20: 2.4 | F20: 0.6 | G20: 0.9 | H20: 1.5 | I20: 3.3 | J20: 1.2
A21: Sensor (1 = yes) | B21: 1 | C21: 1 | D21: 1 | E21: 1 | F21: 0 | G21: 0 | H21: 1 | I21: 1 | J21: 1
A22: Links l5 and l6 have no sensor: their flows are not used in the estimation (sheet 3).

Sheet 3 Estimation
A1: Six-node network (Section 7.1): estimation from the seven links with a sensor
A2: The model is fitted on the links with a sensor only; the errors are taken on all nine links.
A3: One template (S = 1): the model can only scale the template, η v_s, so observations made from several templates are not reproduced.
A4: Four templates (S = 4): the model fits the weights λ^m and reproduces every observation, including l5 and l6.
A6: Table 1 One template: best scale η for each observation (rows) and template (columns)
A7: Formula: η = Σ_sensor v̄^m · v_s / Σ_sensor v_s · v_s (least squares on the links with a sensor)
A8: Observation | B8: Template 1 | C8: Template 2 | D8: Template 3 | E8: Template 4
A9: Observation 1 | B9: =MAX(0,SUMPRODUCT('2 Observations'!$B$21:$J$21,'2 Observations'!$B$16:$J$16,'1 Templates'!$B$23:$J$23)/SUMPRODUCT('2 Observations'!$B$21:$J$21,'1 Templates'!$B$23:$J$23,'1 Templates'!$B$23:$J$23)) -> 0.85 | C9: =MAX(0,SUMPRODUCT('2 Observations'!$B$21:$J$21,'2 Observations'!$B$16:$J$16,'1 Templates'!$B$24:$J$24)/SUMPRODUCT('2 Observations'!$B$21:$J$21,'1 Templates'!$B$24:$J$24,'1 Templates'!$B$24:$J$24)) -> 0.65 | D9: =MAX(0,SUMPRODUCT('2 Observations'!$B$21:$J$21,'2 Observations'!$B$16:$J$16,'1 Templates'!$B$25:$J$25)/SUMPRODUCT('2 Observations'!$B$21:$J$21,'1 Templates'!$B$25:$J$25,'1 Templates'!$B$25:$J$25)) -> 0.46 | E9: =MAX(0,SUMPRODUCT('2 Observations'!$B$21:$J$21,'2 Observations'!$B$16:$J$16,'1 Templates'!$B$26:$J$26)/SUMPRODUCT('2 Observations'!$B$21:$J$21,'1 Templates'!$B$26:$J$26,'1 Templates'!$B$26:$J$26)) -> 0.38888889
A10: Observation 2 | B10: =MAX(0,SUMPRODUCT('2 Observations'!$B$21:$J$21,'2 Observations'!$B$17:$J$17,'1 Templates'!$B$23:$J$23)/SUMPRODUCT('2 Observations'!$B$21:$J$21,'1 Templates'!$B$23:$J$23,'1 Templates'!$B$23:$J$23)) -> 0.6 | C10: =MAX(0,SUMPRODUCT('2 Observations'!$B$21:$J$21,'2 Observations'!$B$17:$J$17,'1 Templates'!$B$24:$J$24)/SUMPRODUCT('2 Observations'!$B$21:$J$21,'1 Templates'!$B$24:$J$24,'1 Templates'!$B$24:$J$24)) -> 0.9 | D10: =MAX(0,SUMPRODUCT('2 Observations'!$B$21:$J$21,'2 Observations'!$B$17:$J$17,'1 Templates'!$B$25:$J$25)/SUMPRODUCT('2 Observations'!$B$21:$J$21,'1 Templates'!$B$25:$J$25,'1 Templates'!$B$25:$J$25)) -> 0.39333333 | E10: =MAX(0,SUMPRODUCT('2 Observations'!$B$21:$J$21,'2 Observations'!$B$17:$J$17,'1 Templates'!$B$26:$J$26)/SUMPRODUCT('2 Observations'!$B$21:$J$21,'1 Templates'!$B$26:$J$26,'1 Templates'!$B$26:$J$26)) -> 0.57407407
A11: Observation 3 | B11: =MAX(0,SUMPRODUCT('2 Observations'!$B$21:$J$21,'2 Observations'!$B$18:$J$18,'1 Templates'!$B$23:$J$23)/SUMPRODUCT('2 Observations'!$B$21:$J$21,'1 Templates'!$B$23:$J$23,'1 Templates'!$B$23:$J$23)) -> 0.88333333 | C11: =MAX(0,SUMPRODUCT('2 Observations'!$B$21:$J$21,'2 Observations'!$B$18:$J$18,'1 Templates'!$B$24:$J$24)/SUMPRODUCT('2 Observations'!$B$21:$J$21,'1 Templates'!$B$24:$J$24,'1 Templates'!$B$24:$J$24)) -> 0.57777778 | D11: =MAX(0,SUMPRODUCT('2 Observations'!$B$21:$J$21,'2 Observations'!$B$18:$J$18,'1 Templates'!$B$25:$J$25)/SUMPRODUCT('2 Observations'!$B$21:$J$21,'1 Templates'!$B$25:$J$25,'1 Templates'!$B$25:$J$25)) -> 0.85 | E11: =MAX(0,SUMPRODUCT('2 Observations'!$B$21:$J$21,'2 Observations'!$B$18:$J$18,'1 Templates'!$B$26:$J$26)/SUMPRODUCT('2 Observations'!$B$21:$J$21,'1 Templates'!$B$26:$J$26,'1 Templates'!$B$26:$J$26)) -> 0.62777778
A12: Observation 4 | B12: =MAX(0,SUMPRODUCT('2 Observations'!$B$21:$J$21,'2 Observations'!$B$19:$J$19,'1 Templates'!$B$23:$J$23)/SUMPRODUCT('2 Observations'!$B$21:$J$21,'1 Templates'!$B$23:$J$23,'1 Templates'!$B$23:$J$23)) -> 0.45 | C12: =MAX(0,SUMPRODUCT('2 Observations'!$B$21:$J$21,'2 Observations'!$B$19:$J$19,'1 Templates'!$B$24:$J$24)/SUMPRODUCT('2 Observations'!$B$21:$J$21,'1 Templates'!$B$24:$J$24,'1 Templates'!$B$24:$J$24)) -> 0.98333333 | D12: =MAX(0,SUMPRODUCT('2 Observations'!$B$21:$J$21,'2 Observations'!$B$19:$J$19,'1 Templates'!$B$25:$J$25)/SUMPRODUCT('2 Observations'!$B$21:$J$21,'1 Templates'!$B$25:$J$25,'1 Templates'!$B$25:$J$25)) -> 0.56666667 | E12: =MAX(0,SUMPRODUCT('2 Observations'!$B$21:$J$21,'2 Observations'!$B$19:$J$19,'1 Templates'!$B$26:$J$26)/SUMPRODUCT('2 Observations'!$B$21:$J$21,'1 Templates'!$B$26:$J$26,'1 Templates'!$B$26:$J$26)) -> 0.85925926
A13: Observation 5 | B13: =MAX(0,SUMPRODUCT('2 Observations'!$B$21:$J$21,'2 Observations'!$B$20:$J$20,'1 Templates'!$B$23:$J$23)/SUMPRODUCT('2 Observations'!$B$21:$J$21,'1 Templates'!$B$23:$J$23,'1 Templates'!$B$23:$J$23)) -> 0.625 | C13: =MAX(0,SUMPRODUCT('2 Observations'!$B$21:$J$21,'2 Observations'!$B$20:$J$20,'1 Templates'!$B$24:$J$24)/SUMPRODUCT('2 Observations'!$B$21:$J$21,'1 Templates'!$B$24:$J$24,'1 Templates'!$B$24:$J$24)) -> 0.825 | D13: =MAX(0,SUMPRODUCT('2 Observations'!$B$21:$J$21,'2 Observations'!$B$20:$J$20,'1 Templates'!$B$25:$J$25)/SUMPRODUCT('2 Observations'!$B$21:$J$21,'1 Templates'!$B$25:$J$25,'1 Templates'!$B$25:$J$25)) -> 0.67 | E13: =MAX(0,SUMPRODUCT('2 Observations'!$B$21:$J$21,'2 Observations'!$B$20:$J$20,'1 Templates'!$B$26:$J$26)/SUMPRODUCT('2 Observations'!$B$21:$J$21,'1 Templates'!$B$26:$J$26,'1 Templates'!$B$26:$J$26)) -> 0.75555556
A15: Table 2 Four templates: estimated weights λ^m (compare with the assumed weights in sheet 2)
A16: Formula: least squares on the links with a sensor: λ^m = v̄^m D Vᵀ (V D Vᵀ)⁻¹, V = rows v_1..v_4, D = diag(sensor)
A17: Observation | B17: Template 1 | C17: Template 2 | D17: Template 3 | E17: Template 4
A18: Observation 1 | B18: {=MMULT(MMULT('2 Observations'!$B$16:$J$20*'2 Observations'!$B$21:$J$21,TRANSPOSE('1 Templates'!$B$23:$J$26*'2 Observations'!$B$21:$J$21)),MINVERSE(MMULT('1 Templates'!$B$23:$J$26*'2 Observations'!$B$21:$J$21,TRANSPOSE('1 Templates'!$B$23:$J$26*'2 Observations'!$B$21:$J$21))))} -> 0.7 | C18: 0.3 | D18: -4.4408921e-16 | E18: 8.8817842e-16
A19: Observation 2 | B19: 0.2 | C19: 0.8 | D19: 0 | E19: 0
A20: Observation 3 | B20: 0.3 | C20: 8.8817842e-16 | D20: 0.7 | E20: -1.7763568e-15
A21: Observation 4 | B21: 1.7763568e-15 | C21: 0.4 | D21: -8.8817842e-16 | E21: 0.6
A22: Observation 5 | B22: 0.1 | C22: 0.3 | D22: 0.3 | E22: 0.3
A24: Table 3 Errors over the five observations and all nine links
A25: Formula: estimate = η v_s (one template) or Σ_s λ_s^m v_s (four templates); RMSE and MAE over 45 values; MAPE = mean over observations of mean |error| / v̄ (v̄ > 0)
A26: Model | B26: RMSE | C26: MAE | D26: MAPE (%)
A27: Template 1 only (S = 1) | B27: {=SQRT(SUMPRODUCT(('2 Observations'!$B$16:$J$20-($B$9:$B$13)*'1 Templates'!$B$23:$J$23)^2)/45)} -> 1.4908424 | C27: {=SUMPRODUCT(ABS('2 Observations'!$B$16:$J$20-($B$9:$B$13)*'1 Templates'!$B$23:$J$23))/45} -> 1.1377778 | D27: {=SUMPRODUCT(('2 Observations'!$B$16:$J$20>0)*ABS('2 Observations'!$B$16:$J$20-($B$9:$B$13)*'1 Templates'!$B$23:$J$23)/('2 Observations'!$B$16:$J$20+('2 Observations'!$B$16:$J$20=0))/(MMULT(--('2 Observations'!$B$16:$J$20>0),TRANSPOSE(COLUMN($B$1:$J$1)^0))))/5*100} -> 82.254022
A28: Template 2 only (S = 1) | B28: {=SQRT(SUMPRODUCT(('2 Observations'!$B$16:$J$20-($C$9:$C$13)*'1 Templates'!$B$24:$J$24)^2)/45)} -> 1.2748738 | C28: {=SUMPRODUCT(ABS('2 Observations'!$B$16:$J$20-($C$9:$C$13)*'1 Templates'!$B$24:$J$24))/45} -> 0.95185185 | D28: {=SUMPRODUCT(('2 Observations'!$B$16:$J$20>0)*ABS('2 Observations'!$B$16:$J$20-($C$9:$C$13)*'1 Templates'!$B$24:$J$24)/('2 Observations'!$B$16:$J$20+('2 Observations'!$B$16:$J$20=0))/(MMULT(--('2 Observations'!$B$16:$J$20>0),TRANSPOSE(COLUMN($B$1:$J$1)^0))))/5*100} -> 65.051434
A29: Template 3 only (S = 1) | B29: {=SQRT(SUMPRODUCT(('2 Observations'!$B$16:$J$20-($D$9:$D$13)*'1 Templates'!$B$25:$J$25)^2)/45)} -> 1.2978954 | C29: {=SUMPRODUCT(ABS('2 Observations'!$B$16:$J$20-($D$9:$D$13)*'1 Templates'!$B$25:$J$25))/45} -> 1.004 | D29: {=SUMPRODUCT(('2 Observations'!$B$16:$J$20>0)*ABS('2 Observations'!$B$16:$J$20-($D$9:$D$13)*'1 Templates'!$B$25:$J$25)/('2 Observations'!$B$16:$J$20+('2 Observations'!$B$16:$J$20=0))/(MMULT(--('2 Observations'!$B$16:$J$20>0),TRANSPOSE(COLUMN($B$1:$J$1)^0))))/5*100} -> 64.79829
A30: Template 4 only (S = 1) | B30: {=SQRT(SUMPRODUCT(('2 Observations'!$B$16:$J$20-($E$9:$E$13)*'1 Templates'!$B$26:$J$26)^2)/45)} -> 1.2340023 | C30: {=SUMPRODUCT(ABS('2 Observations'!$B$16:$J$20-($E$9:$E$13)*'1 Templates'!$B$26:$J$26))/45} -> 0.93748971 | D30: {=SUMPRODUCT(('2 Observations'!$B$16:$J$20>0)*ABS('2 Observations'!$B$16:$J$20-($E$9:$E$13)*'1 Templates'!$B$26:$J$26)/('2 Observations'!$B$16:$J$20+('2 Observations'!$B$16:$J$20=0))/(MMULT(--('2 Observations'!$B$16:$J$20>0),TRANSPOSE(COLUMN($B$1:$J$1)^0))))/5*100} -> 62.523065
A31: Four templates (S = 4) | B31: {=SQRT(SUMPRODUCT(('2 Observations'!$B$16:$J$20-MMULT($B$18:$E$22,'1 Templates'!$B$23:$J$26))^2)/45)} -> 2.1602961e-15 | C31: {=SUMPRODUCT(ABS('2 Observations'!$B$16:$J$20-MMULT($B$18:$E$22,'1 Templates'!$B$23:$J$26)))/45} -> 1.6135241e-15 | D31: {=SUMPRODUCT(('2 Observations'!$B$16:$J$20>0)*ABS('2 Observations'!$B$16:$J$20-MMULT($B$18:$E$22,'1 Templates'!$B$23:$J$26))/('2 Observations'!$B$16:$J$20+('2 Observations'!$B$16:$J$20=0))/(MMULT(--('2 Observations'!$B$16:$J$20>0),TRANSPOSE(COLUMN($B$1:$J$1)^0))))/5*100} -> 1.3848534e-13
A33: Table 4 Example: observation 5 (made from all four templates)
A34: Formula: one template: η v_s; four templates: Σ_s λ_s^5 v_s
A35: Link flows | B35: l1 | C35: l2 | D35: l3 | E35: l4 | F35: l5 | G35: l6 | H35: l7 | I35: l8 | J35: l9
A36: Observed v̄^5 | B36: ='2 Observations'!B20 -> 2.4 | C36: ='2 Observations'!C20 -> 0.6 | D36: ='2 Observations'!D20 -> 3 | E36: ='2 Observations'!E20 -> 2.4 | F36: ='2 Observations'!F20 -> 0.6 | G36: ='2 Observations'!G20 -> 0.9 | H36: ='2 Observations'!H20 -> 1.5 | I36: ='2 Observations'!I20 -> 3.3 | J36: ='2 Observations'!J20 -> 1.2
A37: Template 1 only | B37: =$B$13*'1 Templates'!B23 -> 1.875 | C37: =$B$13*'1 Templates'!C23 -> 1.875 | D37: =$B$13*'1 Templates'!D23 -> 0 | E37: =$B$13*'1 Templates'!E23 -> 0 | F37: =$B$13*'1 Templates'!F23 -> 0 | G37: =$B$13*'1 Templates'!G23 -> 0 | H37: =$B$13*'1 Templates'!H23 -> 0 | I37: =$B$13*'1 Templates'!I23 -> 1.875 | J37: =$B$13*'1 Templates'!J23 -> 1.875
A38: Template 2 only | B38: =$C$13*'1 Templates'!B24 -> 0.825 | C38: =$C$13*'1 Templates'!C24 -> 0.825 | D38: =$C$13*'1 Templates'!D24 -> 3.3 | E38: =$C$13*'1 Templates'!E24 -> 1.65 | F38: =$C$13*'1 Templates'!F24 -> 1.65 | G38: =$C$13*'1 Templates'!G24 -> 0 | H38: =$C$13*'1 Templates'!H24 -> 1.65 | I38: =$C$13*'1 Templates'!I24 -> 0.825 | J38: =$C$13*'1 Templates'!J24 -> 2.475
A39: Template 3 only | B39: =$D$13*'1 Templates'!B25 -> 2.68 | C39: =$D$13*'1 Templates'!C25 -> 0 | D39: =$D$13*'1 Templates'!D25 -> 1.34 | E39: =$D$13*'1 Templates'!E25 -> 1.34 | F39: =$D$13*'1 Templates'!F25 -> 0 | G39: =$D$13*'1 Templates'!G25 -> 1.34 | H39: =$D$13*'1 Templates'!H25 -> 0 | I39: =$D$13*'1 Templates'!I25 -> 4.02 | J39: =$D$13*'1 Templates'!J25 -> 0
A40: Template 4 only | B40: =$E$13*'1 Templates'!B26 -> 1.5111111 | C40: =$E$13*'1 Templates'!C26 -> 0 | D40: =$E$13*'1 Templates'!D26 -> 3.0222222 | E40: =$E$13*'1 Templates'!E26 -> 3.0222222 | F40: =$E$13*'1 Templates'!F26 -> 0 | G40: =$E$13*'1 Templates'!G26 -> 0.75555556 | H40: =$E$13*'1 Templates'!H26 -> 2.2666667 | I40: =$E$13*'1 Templates'!I26 -> 2.2666667 | J40: =$E$13*'1 Templates'!J26 -> 0
A41: Four templates | B41: {=MMULT($B$22:$E$22,'1 Templates'!$B$23:$J$26)} -> 2.4 | C41: 0.6 | D41: 3 | E41: 2.4 | F41: 0.6 | G41: 0.9 | H41: 1.5 | I41: 3.3 | J41: 1.2
A42: No single template matches the observed flows; the four templates reproduce them exactly, including l5 and l6.
